duplicate,keep,reason
cartes/Sistema Sac Actun.jpg,"cartes/à traiter/Sac Actun, Sist., Tulum (1).pdf#p1",Sac Actun QRSS poster: the scan beats the photos
cartes/à traiter/cartes chez Bill.zip#IMG_0068.JPG,"cartes/à traiter/Sac Actun, Sist., Tulum (1).pdf#p1",Sac Actun QRSS poster: the scan beats the photos
Cenote Jailhouse/Cenote Jailhouse map.jpg,"cartes/à traiter/Naranjal, Sist., Muknal Remote Siphon part, Tulum.pdf#p1",Muknal Remote Siphon: the full-size scan
cartes/à traiter/Sistema Naranjal - Muknal Remote Siphon.JPG,"cartes/à traiter/Naranjal, Sist., Muknal Remote Siphon part, Tulum.pdf#p1",Muknal Remote Siphon: the full-size scan
cartes/à traiter/cartes chez Bill.zip#IMG_0062.JPG,cartes/Sac Be Ha.jpg,Sac Be Ha poster: the straight-on photo
cartes/à traiter/cartes chez Bill.zip#IMG_0063.JPG,cartes/Sac Be Ha.jpg,Sac Be Ha poster: the straight-on photo
Sistema Tux Kapax/Sistema Tux Kupaxa - Nai Tucha section.webp,cartes/à traiter/Sistema Tux Kupaxa - Nai Tucha section.JPG,Nai Tucha poster: the largest photo (img-2992 is a close-up of its title)
cartes/à traiter/cartes chez Bill.zip#IMG_0055.JPG,cartes/à traiter/Sistema Tux Kupaxa - Nai Tucha section.JPG,Nai Tucha poster: the largest photo (img-2992 is a close-up of its title)
cartes/à traiter/IMG_2992.JPG,cartes/à traiter/Sistema Tux Kupaxa - Nai Tucha section.JPG,Nai Tucha poster: the largest photo (img-2992 is a close-up of its title)
cartes/à traiter/Sistema Xunaan Ha - Hol Kin section.JPG,cartes/Sistema Xunaan Ha - Hol Kin section.jpg,Xunaan Ha Hol Kin poster: the photo cropped to the poster
cartes/à traiter/cartes chez Bill.zip#IMG_0058.JPG,cartes/Sistema Xunaan Ha - Hol Kin section.jpg,Xunaan Ha Hol Kin poster: the photo cropped to the poster
"cartes/à traiter/X-pu Ha, Sist., Puerto Aventuras.pdf#p1",cartes/Sistema Xpu Ha.jpg,"X-Pu Ha Mafia Map: the larger, uncropped copy"
cartes/Sistema Minotauro.jpg,cartes/Sistema Minotauro.png,Minotauro poster: the photo cropped to the poster
cartes/à traiter/cartes chez Bill.zip#IMG_0064.JPG,cartes/Sistema Minotauro.png,Minotauro poster: the photo cropped to the poster
"cartes/à traiter/Zapote, Cen., Puerto Morelos.pdf#p1","cartes/à traiter/Zapote, Cen., Puerto Morelos (1).pdf#p1",Zapote profile: the larger scan
cartes/Sistema Actun Chen.jpg,"cartes/à traiter/Actun Chen, Sist., Akumal (1).pdf#p1",Actun Chen Mafia Map: the 6000 px render
"cartes/à traiter/Actun Chen, Sist., Akumal.pdf#p1","cartes/à traiter/Actun Chen, Sist., Akumal (1).pdf#p1",Actun Chen Mafia Map: the 6000 px render
"cartes/à traiter/Ponderosa (part), Sist., Puerto Aventuras, Mpo. Playa del Carmen.pdf#p1",cartes/Sistema Ponderosa.jpg,Ponderosa 1999 map: the large clean copy (the other has handwritten notes)
"cartes/à traiter/Aktun Hu (part), Ejido Jacinto Pat (1).pdf#p1",Cenote Hoyo Negro/map-1.jpg,Outland Cave plan view: the larger copy
"cartes/à traiter/Sac Actun, Tulum (1).pdf#p1","cartes/à traiter/Sac Actun, Sist., Tulum.pdf#p1",Sac Actun QRSS 2000 overview: the larger copy (the other is a colour-coded low-res version)
"cartes/à traiter/Dos Pies, Sist., Tulum.pdf#p1","cartes/à traiter/Dos Pies, Sist., Tulum (1).pdf#p1",Dos Pies Mafia Map: the larger colour copy
cartes/Sistema Ox Bel Ha - 2011.jpg,"cartes/à traiter/Ox Bel Ha, Sist., Tulum (2).pdf#p1",Ox Bel Ha 2011 overview: the larger scan
cartes/K'oox Baal.pdf#p1,cartes/Sistema K’oox Baal.png,K'oox Baal labelled overview: the largest copy (the SVG is a redrawn trace)
cartes/Sistema K'oox Baal.svg,cartes/Sistema K’oox Baal.png,K'oox Baal labelled overview: the largest copy (the SVG is a redrawn trace)
"cartes/à traiter/K’oox Baal Cave System, Chemuyil.pdf#p1","cartes/à traiter/K’oox Baal, Sist., Tulum, Mpo. Playa del Carmen (1).pdf#p1",K'oox Baal end-2012 plot: the copy with its caption
"cartes/à traiter/Aluxes, Grutas de los, Puerto Aventuras.pdf#p1","cartes/à traiter/Aluxes, Grutas de los, Puerto Aventuras (1).pdf#p1",Grutas de los Aluxes 2002: the larger colour copy
"cartes/à traiter/Ox Bel Ha, Sist., Tulum, Mpo. Playa del Carmen (1).pdf#p1","cartes/à traiter/Ox Bel Ha, Sist., Ejiodo José María Pino Suárez, Tulum.pdf#p1",Ox Bel Ha GEO 1999 map: the full-size scan with its history inset
systema Ox Be Ha.png,"cartes/à traiter/Ox Bel Ha, Sist., Ejiodo José María Pino Suárez, Tulum.pdf#p1",Ox Bel Ha GEO 1999 map: the full-size scan with its history inset
"cartes/à traiter/Ox Bel Ha (downstream), Sist., Tulum, Mpo. Playa del Carmen.pdf#p1","cartes/à traiter/Ox Bel Ha, Sist., Ejiodo José María Pino Suárez, Tulum.pdf#p1",Ox Bel Ha GEO 1999 map: the full-size scan with its history inset
"cartes/à traiter/Aktun Koh, Cen., Puerto Aventuras.pdf#p1","cartes/à traiter/Actun Koh, Sist., Puerto Aventuras.pdf#p1",Actun Koh Mafia Map: the largest copy (the others are its 2000 reprint)
"cartes/à traiter/Aktun Koh, Cen., Puerto Aventuras.png","cartes/à traiter/Actun Koh, Sist., Puerto Aventuras.pdf#p1",Actun Koh Mafia Map: the largest copy (the others are its 2000 reprint)
cartes/Sistema Ox Bel Ha - 2006.png,"cartes/à traiter/Ox Bel Ha, Sist., Ejido José Maería Pino Suárez and Ejido Tulum.pdf#p1",Ox Bel Ha 2006 overview: the 6000 px render
cartes/à traiter/cartes chez Bill.zip#IMG_0067.JPG,cartes/Cenote Chac Mol.jpg,Chac Mol poster: the straight-on colour photo
"cartes/à traiter/Chac Mol, Cen..pdf#p1",cartes/Cenote Chac Mol.jpg,Chac Mol poster: the straight-on colour photo
cartes/à traiter/cartes chez Bill.zip#IMG_0069.JPG,cartes/à traiter/cartes chez Bill.zip#IMG_0061.JPG,Same poster photographed twice
"cartes/à traiter/K’oox Baal, Sist., Shaman Ek part, Tulum, Mpo. Playa del Carmen.pdf#p1","cartes/à traiter/K’oox Baal, Sist. (part), Chemuil.pdf#p1",Shaman Ek: the larger scan
cartes/à traiter/cartes chez Bill.zip#IMG_0056.JPG,Sistema Tux Kapax/Sistema Tux Kupaxa - Coop One section.JPG,Coop One poster: the straight-on photo (img-2994 is a close-up of its title)
cartes/à traiter/IMG_2994.JPG,Sistema Tux Kapax/Sistema Tux Kupaxa - Coop One section.JPG,Coop One poster: the straight-on photo (img-2994 is a close-up of its title)
cartes/à traiter/cartes chez Bill.zip#IMG_0059.JPG,cartes/à traiter/IMG_2985.JPG,Box Ek poster: the larger photo (img-2990 is a close-up of its title)
cartes/à traiter/IMG_2990.JPG,cartes/à traiter/IMG_2985.JPG,Box Ek poster: the larger photo (img-2990 is a close-up of its title)
"cartes/à traiter/Joolis, Sist., Tulum (1).pdf#p1","cartes/à traiter/Joolis, Sist., Tulum.pdf#p1",Joolis: the larger copy with its legend
"cartes/à traiter/K’oox Baal, Sist. (part), Chemuil (1).pdf#p1","cartes/à traiter/Chun Che Chen, Tulum, Mpo. Playa del Carmen.pdf#p1",Chun Che Chen: the scan with its title and credits
Cenote Dzonot Tucha (Caracol)/Sistema Caracol.jpg,Cenote Dzonot Tucha (Caracol)/Sistema Caracol.png,"Caracol: the larger, more complete copy"
cartes/Sistema Tixik K'una.jpg,"cartes/à traiter/Tixik K'una, Sist., Rancho Esperanza, X'cacel.pdf#p1",Tixik K'una: the scan beats the photo of the framed map
cartes/Sistema Balun Actun.jpg,cartes/à traiter/Balam Aktun Ak.JPG,Balun Actun: the larger photo (the other is 630 px wide)
cartes/à traiter/cartes chez Bill.zip#IMG_0065.JPG,"cartes/à traiter/Toh Ha, Sist. (part), Tulum.pdf#p1",Chan Hol poster: the scan beats the photo
cartes/à traiter/cartes chez Bill.zip#IMG_0060.JPG,"cartes/à traiter/Tres Estrellas (part of Sistema Tux Kupaxa), Tulum.pdf#p1",Tres Estrellas poster: the scan beats the photo
"cartes/à traiter/Valet, Sist., Puerto Aventuras.pdf#p1","cartes/à traiter/Valet, Sist., Puerto Aventuras (1).pdf#p1",Sistema Valet Mafia Map: the colour copy (the other is black and white)
"cartes/à traiter/Ox Bel Ha (upstream), Sist., Tulum, Mpo. Playa del Carmen.pdf#p1","cartes/à traiter/Ox Bel Ha, Sist., Ejiodo José María Pino Suárez, Tulum.pdf#p1",Ox Bel Ha GEO 1999 map: the full map (the other is its upstream section only)
Cenote Dzonot Tucha (Caracol)/Sistema Caracol 2.jpg,Cenote Dzonot Tucha (Caracol)/Sistema Caracol.png,Caracol: the full map (the other is its Venom area only)
Cenote Hoyo Negro/map-2.jpg,"cartes/à traiter/Aktun Hu (part_ Hoyo Negro), Ejido Jacinto Pat, Tulum.pdf#p1","Hoyo Negro 2012: the larger scan (the other is the same survey in feet, smaller)"
"cartes/à traiter/Sac Actun, Tulum.pdf#p1","cartes/à traiter/Sac Actun, Cen., Tulum.pdf#p1",Cenote Sac Actun 1988: the original (the other is a French redraw of it)
