map,sistemas,reason
cartes/Sistema Sac Aktun - Outland Sistema portion.png,Outland,"Sistema Outland, not Sac Actun"
cartes/Sistema Sac Aktun - Sistema Aktun-Hu portion.png,Aktun-Hu,"The Aktun-Hu cave system, not Sac Actun"
cartes/Sistema Sac Aktun - Fenomeno cave.png,Aktun-Hu,Fenomeno Cave is in the Aktun-Hu cave system
"cartes/à traiter/Ox Bel Ha, Sist. (part), Tulum.pdf#p1",Dos Ojos,"Maravilla / Kentucky Castle are in Sistema Dos Ojos, not Ox Bel Ha"
"cartes/à traiter/Ox Bel Ha, Sist., Tulum (3).pdf#p1",Dos Ojos,"The 1996 ""Sistema Ojos"" plot is Dos Ojos, not Ox Bel Ha"
"cartes/à traiter/Dos Ojos, Cenotes, Xel-Ha.pdf#p1",Cenote Xel-Há South,"The small Dos Ojos cenotes at Xel-Ha, not Sistema Dos Ojos"
cartes/Sistema Ponderosa.jpg,Ponderosa | X'tabay,The sheet also maps Sistema X'tabay
"cartes/à traiter/Mar, Sist. del.pdf#p1",exclude,"Sistema del Mar (Akumal) is not in the database, and is not Ox Bel Ha"
"cartes/à traiter/Actun Xux, El Naranjal, Mpo. Kantunilkin.pdf#p1",exclude,"A dry cave near Kantunilkin, not Ox Bel Ha; not in the database"
"cartes/à traiter/Buena Vista, C., Cozumel.pdf#p1",exclude,"A dry cave on Cozumel, not Tajma Ha; not in the database"
"cartes/à traiter/Seca, C., Xpuha.pdf#p1",exclude,"A small dry cave at Xpuha, not Actun Koh; not in the database"
"cartes/à traiter/Palmas, Grutas de las, Playa del Carmen.pdf#p1",exclude,"A dry cave near Playa del Carmen, not Naranjal; not in the database"
"cartes/à traiter/Jaguar, Cen., Akumal.pdf#p1",exclude,Cenote Jaguar (Akumal) is not Sac Actun; its sistema is uncertain
"cartes/à traiter/Chango Místico, Sist., Paamul.pdf#p1",exclude,"Jaguar caves / Chango Mistico relief map, not Sac Actun; not in the database"
Cenote Vaca Ha/Vaca Ha - profil de plongée.pdf#p1,exclude,Not a map: a personal dive-log page
Cenote Vaca Ha/Vaca Ha - profil de plongée.pdf#p2,exclude,Not a map: a personal dive-log page
cartes/à traiter/Taj Mahal cavern line (German sign).jpg,Tajma Ha,"The cavern sign at Cenote Taj Mahal, found among its photos"
